Mouth_Width,Mouth_Height,Mouth_Ratio,Smile_Curve,Left_Eye_Ratio,Right_Eye_Ratio,Left_Brow_Eye_Dist,Right_Brow_Eye_Dist,Left_Brow_Tilt,Brow_Gap,Label,Image_Name,Person_ID,Image_Path
0.7000903383494026,0.00247876670096041,0.0035406332933707904,0.009615096787666005,0.33709518429123797,0.324622547997259,0.2070689136308619,0.21578938932417166,-0.06248143798054274,0.43187733349316393,Anger,Anger.png,0,0\Anger.png
0.6418515405826295,0.0019434704506836897,0.003027908012827278,0.0059414433626762625,0.3118578195729464,0.30083385308037974,0.24128583349898725,0.23538421713966534,-0.07167531718105183,0.4303744183604368,Contempt,Contempt.png,0,0\Contempt.png
0.6987230842277801,0.05273470547047954,0.07547286069115705,0.06845553658900434,0.31853258453798394,0.319557575556325,0.2382862993384841,0.2346021884911053,-0.08443945862186476,0.4158259931535351,Disgust,Disgust.png,0,0\Disgust.png
0.6781404550569584,0.19899235934303838,0.29343783344777913,0.11942549183931545,0.4141388094926826,0.4139997872636385,0.32219720762918264,0.34728484234609225,-0.116201882817017,0.4272127506925768,Fear,Fear.png,0,0\Fear.png
0.8794867999547764,0.13851354180303435,0.1574934203864531,-0.015945081351016795,0.25401694603195774,0.25464177830996026,0.29926016704686315,0.3020099482600475,-0.07437725781244436,0.4203343582411837,Happy,Happy.png,0,0\Happy.png
0.7048733170978342,0.004147671845605099,0.0058842714864150965,0.008484164047598743,0.3866657662386171,0.39750051182155943,0.2289257506343066,0.22417485622120725,-0.057065666562302254,0.44493042148833695,Neutral,Neutral.png,0,0\Neutral.png
0.7415739078331184,0.004916727178666894,0.006630115348742811,0.03628202463030193,0.3106834134201328,0.3622099545642836,0.3028354561557528,0.30762839104922546,-0.09167309202500011,0.4085682577515662,Sad,Sad.png,0,0\Sad.png
0.6966764921560106,0.059380467687188854,0.08523379663583487,0.03914189583595312,0.4235115762771401,0.4109054113994058,0.2849300289412915,0.25820253072946486,-0.07790919859373205,0.454259558916293,Surprised,Surprised.png,0,0\Surprised.png
0.7124812044677358,0.0037486660504016224,0.005261417094904267,-0.01727436612553062,0.3735335615221036,0.35096532599303776,0.2725788317851004,0.2541693961170216,-0.08068358337297678,0.4505688718816699,Anger,Anger.png,1,1\Anger.png
0.7977486568621454,0.0009065710607034417,0.001136410467751666,0.024404037275395436,0.2810916450695225,0.23849703876243658,0.3332792210371931,0.3405145122900125,-0.09947682378222676,0.4159902507913798,Contempt,Contempt.png,1,1\Contempt.png
0.8235612289471211,0.001041473914476391,0.0012645965026927691,-0.06617332181584859,0.20648637121291386,0.11957981685838989,0.1748325745271513,0.2688860905254588,-0.03241728093561645,0.42005659869102113,Disgust,Disgust.png,1,1\Disgust.png
0.7703577938079716,0.003082953463456204,0.0040019708845235764,0.0038597016720593605,0.43821083396263183,0.4397293422192974,0.31493393980946216,0.2637494109154682,-0.08474774582734068,0.43031227328731425,Fear,Fear.png,1,1\Fear.png
0.9551190513413697,0.172263674062481,0.18035813803778286,-0.06981828055936407,0.2953442428704442,0.23647523847601679,0.3227882416284332,0.3357177880184159,-0.09508799678502024,0.4328354543477712,Happy,Happy.png,1,1\Happy.png
0.7765410582607151,0.001115338409282189,0.0014362884758364588,-0.021907128071779112,0.41250851725943327,0.40051124521792086,0.2661480742894322,0.270169880829546,-0.07086578489541062,0.4499430969172553,Neutral,Neutral.png,1,1\Neutral.png
0.7493095100597594,0.0008851019438462582,0.0011812218459015997,-0.02367085226637305,0.3498090915871398,0.32697765980059407,0.28750962350894776,0.26227584176240964,-0.07169844463172442,0.44758391435561945,Sad,Sad.png,1,1\Sad.png
0.7344530311589272,0.001740919707615711,0.002370358979266051,-0.010518233041840588,0.4369939500205052,0.3956637559059574,0.39012580165375077,0.3589124470642061,-0.10545165668766004,0.47600217193043326,Surprised,Surprised.png,1,1\Surprised.png
1.2822713130358094,0.28199513015515393,0.2199182866917901,0.06449932276387874,0.3110364202268955,0.300921769148006,0.4871344897557761,0.48900109292221045,-0.16063222689209314,0.4657371518014299,Anger,Anger.png,10,10\Anger.png
0.9235518629563586,0.11959931428766866,0.12949915384899865,0.11102211934099779,0.2157539639475975,0.2920033102684635,0.5056402354008959,0.47679267977268575,-0.20506938429376417,0.4681917372628927,Contempt,Contempt.png,10,10\Contempt.png
0.9906557203087569,0.4862608680380605,0.4908469887394577,0.19548446057014726,0.3339330653396483,0.31949213429444573,0.4124323858356673,0.4392066321424839,-0.1529047367507287,0.4907728700795737,Disgust,Disgust.png,10,10\Disgust.png
1.1392759162414674,0.3065850039865147,0.2691049029571794,0.2475784774441233,0.3147697683400701,0.31617234653314497,0.4453947813695547,0.42830842234682864,-0.19340986496451043,0.46689312259240995,Fear,Fear.png,10,10\Fear.png
1.2822713130358094,0.28199513015515393,0.2199182866917901,0.06449932276387874,0.3110364202268955,0.300921769148006,0.4871344897557761,0.48900109292221045,-0.16063222689209314,0.4657371518014299,Happy,Happy.png,10,10\Happy.png
0.8771355118221914,0.0012976117464892011,0.0014793726278632513,-0.027262625497273894,0.23525566455962296,0.2629278454644669,0.3415249603890286,0.34518944084238484,-0.11027543527713439,0.44269774319590854,Neutral,Neutral.png,10,10\Neutral.png
1.0858708506238082,0.17196561368837648,0.158366398014265,0.006359158233886717,0.05135113929216561,0.056471718305239754,0.3815274598926598,0.42149739056076346,-0.11167118051748363,0.423687597803504,Sad,Sad.png,10,10\Sad.png
0.9232921874757355,0.604051222051137,0.6542355453770872,0.3728850530781452,0.35920099454068066,0.3748967319228334,0.4118868610048777,0.40493577709830103,-0.18357436257641435,0.44863456458733136,Surprised,Surprised.png,10,10\Surprised.png
0.749411690110378,0.00036501952937667635,0.0004870741237687262,-0.05985552424837186,0.3720085096981083,0.3505231214128129,0.2716050573149409,0.262573427986287,-0.06222110875638668,0.45645333853584574,Anger,Anger.png,11,11\Anger.png
0.8225754274235252,0.003185905813598439,0.003873081828490195,-0.00031736694151819557,0.27278518343299674,0.2927397204301092,0.44082930980101864,0.4214461500210689,-0.10919544053867883,0.4376511612199169,Contempt,Contempt.png,11,11\Contempt.png
0.8298504097784596,0.002160732720805882,0.0026037585709262332,-0.007773608068536682,0.3360370456511511,0.3146598300030018,0.3508496714638223,0.3437452335664237,-0.10833649361380508,0.42407592960348467,Disgust,Disgust.png,11,11\Disgust.png
0.7507004044957442,0.20971490866822284,0.2793586203679625,0.07439505953848174,0.46219775546644715,0.4585318342160822,0.39522613424733966,0.3847038254991487,-0.1308481823046753,0.43473622598885514,Fear,Fear.png,11,11\Fear.png
0.998869870269926,0.13685927412632864,0.13701398068535625,-0.07986750975798176,0.32527120305878965,0.30328295805278044,0.3540756244635591,0.33311559923111567,-0.0836640928821201,0.44239168101933013,Happy,Happy.png,11,11\Happy.png
0.7798361949970253,0.0011367261145410988,0.0014576454185997565,-0.046241589146594396,0.36530829622673805,0.3571671206805458,0.3428597933099131,0.32781490227973764,-0.07704693870473957,0.4585266680005092,Neutral,Neutral.png,11,11\Neutral.png
0.8191664706115993,0.0024918173464365447,0.003041890011301507,-0.02099884638011263,0.33071875846831295,0.3390475952099672,0.39118870088959795,0.38509606935680907,-0.10908198847372282,0.4358694424934459,Sad,Sad.png,11,11\Sad.png
0.8132803204486155,0.0005514064509069659,0.000678002109531796,-0.047410504340240925,0.42819588392980223,0.3779066484683405,0.41506891590088124,0.39737440622702747,-0.12200527465481796,0.4528888388212052,Surprised,Surprised.png,11,11\Surprised.png
0.7758771078969439,0.0015630513957789935,0.002014557931033422,-0.010601645511961843,0.3838687327709911,0.3953275788910369,0.31483910643951507,0.2485939701112668,-0.08707446423417148,0.4344397142302215,Anger,Anger.png,12,12\Anger.png
0.7647870388413927,0.0020159789689599287,0.0026359969907662445,-0.015242444714762892,0.3135631616205743,0.355993126386279,0.30167095503975727,0.2934725402622549,-0.072423633046519,0.4125947306518197,Contempt,Contempt.png,12,12\Contempt.png
0.7473223976389753,0.0011917706457880608,0.0015947187650664104,-0.004244774220782625,0.33584809408019023,0.4428332245679243,0.33091883920669674,0.29002453807418604,-0.0804955042765242,0.46786654558004814,Disgust,Disgust.png,12,12\Disgust.png
0.7375907552197901,0.0034187325943447876,0.00463499296209739,0.013018162962292629,0.4200085618287904,0.474734928443652,0.3218930985523042,0.2798659025360177,-0.088349653228886,0.4485892492014099,Fear,Fear.png,12,12\Fear.png
0.9808361402409674,0.1710703760750322,0.17441262066504173,-0.03902750904850458,0.2999874615502796,0.2548938474273527,0.2630829092464843,0.25353468225199016,-0.07559534849060164,0.416528406554868,Happy,Happy.png,12,12\Happy.png
0.7252122671490537,0.0024183414096297685,0.0033346623940523202,-0.03192796024601045,0.35035666760118644,0.3460240699316681,0.2960856356492852,0.2881823794481932,-0.08709532493730901,0.4273411559672578,Neutral,Neutral.png,12,12\Neutral.png
0.7480789246361309,0.001528211947386383,0.0020428458204244837,0.008326437264985472,0.3059397440988619,0.3200601354687744,0.32633597122388586,0.32952646852715006,-0.10022741681535659,0.40219028744745144,Sad,Sad.png,12,12\Sad.png
0.6713963084225553,0.04638802940789598,0.0690917714830946,0.007959958662868,0.41884648802068364,0.41115886416261593,0.31392595012379865,0.2953157572740233,-0.0768567118038531,0.4458194947438051,Surprised,Surprised.png,12,12\Surprised.png
0.6740384479895872,0.003145657933921468,0.004666875126231577,-0.08261903203603661,0.39325215125713636,0.3446850562707611,0.17757753627413145,0.18362952884857475,-0.032370366521438584,0.40333755152477935,Anger,Anger.png,13,13\Anger.png
0.7001641568924204,0.002886405316998393,0.004122463519620537,-0.0768818709877457,0.3774373788574559,0.36905028401580736,0.3225336718595372,0.2349611227088915,-0.07897410514320127,0.41438738298617794,Contempt,Contempt.png,13,13\Contempt.png
0.7073447156321543,0.0020456762845128024,0.0028920459109370348,-0.031695631870367655,0.3684795866258925,0.3441216169430735,0.23488229485532006,0.2430583764954809,-0.06883791847999572,0.37966221431465436,Disgust,Disgust.png,13,13\Disgust.png
0.7025345492550548,0.002390488873691725,0.0034026589490404,-0.05112342643603282,0.4218144995981868,0.4274316877373492,0.3338247528382094,0.3100412256129865,-0.1009656538206638,0.41236583455379805,Fear,Fear.png,13,13\Fear.png
0.8089852327268562,0.0024027424654560763,0.0029700659519966534,-0.09589439383854136,0.3697408507887546,0.3393966613187023,0.28474323976583793,0.26926237076244575,-0.0840256594450084,0.37717170075606327,Happy,Happy.png,13,13\Happy.png
0.7276377990436229,0.0027249341680916045,0.0037448994908918275,-0.055824164323056,0.3438148408662794,0.342078333614745,0.3057250522080273,0.27386613308916413,-0.08569338292269416,0.3925001204665993,Neutral,Neutral.png,13,13\Neutral.png
0.7025925365957197,0.001557704710404476,0.00221707805333939,-0.06059771604268438,0.3646777135406355,0.37948895288286016,0.34351709368228717,0.3244486139847996,-0.11372816961550572,0.387398070377235,Sad,Sad.png,13,13\Sad.png
0.642291889537618,0.2093823458466888,0.32599200342607193,0.03911221988886689,0.40608324557240955,0.42694429384787835,0.3610197489784114,0.3418423380625935,-0.10986792766648983,0.41141136034101805,Surprised,Surprised.png,13,13\Surprised.png
0.6126582703649704,0.0003381878942233066,0.000551999962429105,-0.05986979929815783,0.3573767566856231,0.35205364981908216,0.1569530829195934,0.1897381068779301,-0.036176266166506044,0.45428377273186693,Anger,Anger.png,14,14\Anger.png
0.6548696924323739,0.001722044801796819,0.002629595157787044,-0.07304863731226352,0.3394032949705027,0.3208593200076551,0.1477606497304731,0.1976622277801095,-0.020145467679397077,0.44565562039531276,Contempt,Contempt.png,14,14\Contempt.png
0.6213578243162996,0.019551763018461947,0.03146613881274698,0.01490725402105772,0.37120537512101026,0.26729172347746627,0.1853052984820673,0.24539474947391873,-0.05047174398445836,0.4148485022817044,Disgust,Disgust.png,14,14\Disgust.png
0.6600194967642935,0.035092646080898605,0.05316902467868492,0.030519380430332053,0.4271607006807026,0.4422023834983362,0.3063958258357606,0.31037892593126265,-0.10476679763687965,0.43439256722584135,Fear,Fear.png,14,14\Fear.png
0.8108603467987064,0.002020919712149788,0.0024923123048452255,-0.11559211259432756,0.3576611997492258,0.289254983864124,0.23840063069323444,0.27231977528313916,-0.06156071419683974,0.43555036974810785,Happy,Happy.png,14,14\Happy.png
0.6205172020650935,0.0008537743091110455,0.0013759053421312578,-0.03435237643436907,0.3693820572271493,0.3904731991746541,0.2470645598358923,0.23992910922225238,-0.06637185147971804,0.45406367450312635,Neutral,Neutral.png,14,14\Neutral.png
0.6500056153120694,0.002123923093142726,0.003267540734370875,-0.03837144363445926,0.33195970515206086,0.2964656886997509,0.2609429161036741,0.2697296537266435,-0.0648368576631598,0.446540878709167,Sad,Sad.png,14,14\Sad.png
0.6788892385832435,0.002934874877694168,0.004323047690034362,-0.029081718284147243,0.454582339387542,0.4506049033152314,0.3708849872168446,0.3725644704658749,-0.11966624596511853,0.4820595687946216,Surprised,Surprised.png,14,14\Surprised.png
0.643585372882038,0.0025051864617496623,0.003892541183759393,0.028302915376269177,0.4210382820788175,0.3772372630833218,0.22542626890185638,0.2178312742717006,-0.0822546010465537,0.4145502075885376,Anger,Anger.png,15,15\Anger.png
0.7550492734140895,0.0025319454044656145,0.0033533467818202206,0.0020229776814839574,0.2635030025597407,0.31518556788073093,0.3159493260425434,0.3762575891038275,-0.115253750798677,0.45721258069808324,Contempt,Contempt.png,15,15\Contempt.png
0.7704854372407451,0.005988603184351208,0.0077724965617792146,0.05251259079105878,0.31795901081637834,0.27441257979593814,0.2935180577894113,0.2770750658031779,-0.1110188135550657,0.4290379031637209,Disgust,Disgust.png,15,15\Disgust.png
0.7691458225772814,0.030282761842906927,0.039371887075388926,0.06198662889292175,0.428518487669905,0.45304125237757625,0.32723805180791793,0.4097535436161158,-0.15276482418184975,0.4484953892306809,Fear,Fear.png,15,15\Fear.png
0.9843867508755603,0.002806751486860136,0.0028512661645410365,-0.07634239757179885,0.31548454478735866,0.3307003979231255,0.3192710535739659,0.3345947578608433,-0.11046020231475827,0.42119109798781207,Happy,Happy.png,15,15\Happy.png
0.7438225973475034,0.004569856560360745,0.006143737005194493,0.00887381593693938,0.3624214943735807,0.3821703537313104,0.28063153512610506,0.27162788524094666,-0.09371392231935244,0.45380972702970057,Neutral,Neutral.png,15,15\Neutral.png
0.6837471082254477,0.0006733572357573188,0.0009848030695176668,0.010880898975675067,0.30486869525010546,0.30418390331121603,0.3108831301544198,0.3042302607803904,-0.12261587742719561,0.440913410118549,Sad,Sad.png,15,15\Sad.png
0.6974915709355751,0.3968346080748387,0.5689445660224715,0.16464477018812265,0.3985645515359993,0.46219393713385304,0.3521789851681988,0.3828634442374467,-0.1310924214958359,0.4552512290437548,Surprised,Surprised.png,15,15\Surprised.png
0.7726176202012185,0.0036684020053334176,0.00474801138545953,-0.02057424374557603,0.4502905719269682,0.37739402344262923,0.3391801526977795,0.3286365463992477,-0.10030703740155132,0.43659407252531973,Anger,Anger.png,16,16\Anger.png
0.769293379907864,0.0011053488206226273,0.0014368346493770193,0.03992213896929685,0.3435858213620038,0.3143769425579672,0.42694146030308866,0.39818157913087515,-0.13683038746218235,0.4303159563071589,Contempt,Contempt.png,16,16\Contempt.png
0.6010685593948704,0.002655784724736582,0.004418431582877538,-0.005913476367564483,0.32343841601457457,0.3255364664564114,0.3514255587028188,0.32011774987396596,-0.10815104279040148,0.36496858755379025,Disgust,Disgust.png,16,16\Disgust.png
0.7464082890197822,0.17344453104821622,0.2323718817540324,0.0816880934579486,0.43314693303592344,0.41515714118749625,0.42966003866009034,0.4065806638083298,-0.15753516595571357,0.418011430447984,Fear,Fear.png,16,16\Fear.png
0.9274059186911472,0.006254396135067632,0.006743961047750737,-0.0161380083999695,0.11211736679962239,0.1959677506207381,0.46474976196215895,0.4459687262904425,-0.13498193584548687,0.42814225918426113,Happy,Happy.png,16,16\Happy.png
0.7592896455817475,0.003487112752790494,0.0045925928010330805,-0.003027885161184933,0.43398497388433227,0.3769796277353215,0.342678464749268,0.34097764681802356,-0.10694687697602671,0.45288439719524987,Neutral,Neutral.png,16,16\Neutral.png
0.8005681929107725,0.0049760341666198376,0.006215620349476078,-0.028782367965030663,0.29952916190054046,0.31025144825992834,0.40720766664580715,0.372564154131134,-0.12662776747831117,0.40664628697458577,Sad,Sad.png,16,16\Sad.png
0.6565550520630916,0.0016927305446137206,0.002578196544369159,0.005045126261265087,0.47085555848878735,0.45174734757396867,0.39287083614115986,0.37851264393768874,-0.121093576960183,0.4499858684796109,Surprised,Surprised.png,16,16\Surprised.png
0.6243077594244675,0.0008180470299250256,0.0013103244469598021,-0.009062978155501318,0.36712190910760395,0.3612290063432903,0.18999902125341248,0.19887324566207357,-0.035140842104771274,0.44388012813485395,Anger,Anger.png,17,17\Anger.png
0.7228198460367935,0.002124083167098779,0.0029386025302743654,-0.00792672293949959,0.34837464107724064,0.4081822624880325,0.21963842575384965,0.2418340058371487,-0.07767355438657889,0.42890703431467936,Contempt,Contempt.png,17,17\Contempt.png
0.7600037734978448,0.03588196955935449,0.04721282130138653,0.0594797390162495,0.2864890363823245,0.3006376936868699,0.24109416691988736,0.2504911116247366,-0.07352242248242348,0.4134713555227135,Disgust,Disgust.png,17,17\Disgust.png
0.7225449807099401,0.25103558570822876,0.3474319869049342,0.17273180120542894,0.44194707279653667,0.4496406265895479,0.33405584493092383,0.37407586775688473,-0.10779570811488876,0.42417216040501865,Fear,Fear.png,17,17\Fear.png
0.8057605499463839,0.0009026553116305437,0.0011202511607690973,-0.08183753815854815,0.35964320895014595,0.3857127185260324,0.23867509469790235,0.23204539190903972,-0.0661342061401992,0.4325300906069841,Happy,Happy.png,17,17\Happy.png
0.7674269588412258,0.0005866944454513197,0.0007644944892771384,-0.005203483820285162,0.4033037340220282,0.3970509887589558,0.27138330658781057,0.2800528910755986,-0.07977879372108165,0.4459257667533092,Neutral,Neutral.png,17,17\Neutral.png
0.6935347358380134,0.0012247419600386826,0.0017659392252640043,0.011428703758054397,0.4316715510333701,0.4287748431848774,0.2834997000108557,0.268645013360038,-0.10343665632312876,0.4177305674518093,Sad,Sad.png,17,17\Sad.png
0.659573067861195,0.23543091093338392,0.35694385574741777,0.100448292792801,0.42759811839821876,0.4435591884929367,0.29307165621947223,0.3579590003475748,-0.08360360047491029,0.45321811338080037,Surprised,Surprised.png,17,17\Surprised.png
0.7701750284640893,0.0012512873718727611,0.0016246771200710052,-0.03198615786850298,0.37999493475248586,0.36768346440437,0.19631777448286683,0.1927831543139093,-0.04695797223113797,0.4858212111922842,Anger,Anger.png,18,18\Anger.png
0.8521054587061674,0.0027807579029411654,0.003263392589657693,0.015089332417385297,0.34297493873979557,0.24793973425556962,0.2784316912823751,0.3019816993185874,-0.10934176526593588,0.4060044815540933,Contempt,Contempt.png,18,18\Contempt.png
0.9928500943504084,0.007858879100060057,0.007915466019808214,-0.12256763075299229,0.255848832888093,0.10284639856250337,0.2699442198470291,0.3513707050679191,-0.06903472128951633,0.40365986080935956,Disgust,Disgust.png,18,18\Disgust.png
0.7886170687295776,0.06467331285303499,0.0820084086549276,0.060042082180709,0.4252946116249367,0.43494993542884036,0.3548701686180238,0.3681749354383735,-0.14333424256258995,0.4603252567979331,Fear,Fear.png,18,18\Fear.png
1.1351313500294922,0.2652895287671785,0.2337080154224183,-0.017946830561938687,0.27474655265135384,0.2778622317264068,0.37127298140854764,0.3450658711802685,-0.12802043366696297,0.45413111905008013,Happy,Happy.png,18,18\Happy.png
0.8213463905466265,0.005884031746316524,0.007163877080562171,0.08207682493383747,0.3444989755156065,0.3049386811931295,0.3364452899225016,0.33599356122439145,-0.1365912052770243,0.44200277640039937,Neutral,Neutral.png,18,18\Neutral.png
0.9559887166272429,0.005836252884574076,0.006104932702795728,-0.08893117285487258,0.16078611499041334,0.12538456089206232,0.3091419997757703,0.3126810135623126,-0.06091110048736627,0.42437855890906884,Sad,Sad.png,18,18\Sad.png
0.802847207576796,0.003169289003652186,0.003947556927626359,-0.012624018485542843,0.4519183471852268,0.4370453361668549,0.4350445188197049,0.4240732809609032,-0.13920810689306437,0.500256136948886,Surprised,Surprised.png,18,18\Surprised.png
0.7015730515867952,0.005283853275940902,0.0075314263177066925,-0.05757548155849408,0.32224531813091944,0.30311441388704474,0.23067860937898851,0.2143784432401823,-0.054734544918636205,0.4005805733832068,Anger,Anger.png,2,2\Anger.png
0.7416657400441953,0.004671635776946789,0.0062988341322524595,-0.05454065392553898,0.23780736605506997,0.33438164109526924,0.24542386654601644,0.1843602499431588,-0.04117521042141032,0.4078201606195747,Contempt,Contempt.png,2,2\Contempt.png
0.8140188873003839,0.0029079948760328315,0.003572387998623606,-0.04249053379940323,0.30402581208510665,0.24293346929031998,0.2492295802665125,0.3073274729708069,-0.09086027546558241,0.3887912058725183,Disgust,Disgust.png,2,2\Disgust.png
0.743724484161394,0.044414036462485595,0.05971832000965482,0.007560090598667962,0.3813849729519086,0.3954418778303629,0.3133216941446273,0.312431886842245,-0.11001090294535923,0.4173336204881492,Fear,Fear.png,2,2\Fear.png
0.8458075145758904,0.0019605367500054906,0.0023179439745750876,-0.10076828522274955,0.2820740097897662,0.2776810186761465,0.2802976257612717,0.28685081218485353,-0.08779057040428458,0.4040171504775052,Happy,Happy.png,2,2\Happy.png
0.7561531059733935,0.0044621943731006095,0.005901170591881464,0.007322105639438821,0.3645805670676192,0.3608302312925496,0.2791684668031595,0.2890845136085101,-0.10795031059179475,0.40394378917531104,Neutral,Neutral.png,2,2\Neutral.png
0.7363089341055054,0.0030962498915425916,0.004205090476341355,-0.03645505346109232,0.39632209986867106,0.3796044571472433,0.22886187371761751,0.20840064698243013,-0.06687169990438589,0.40966508778509486,Sad,Sad.png,2,2\Sad.png
0.6682039214492715,0.03962005836731077,0.05929327530449598,0.006164359953880102,0.37228957605659435,0.4346319688839195,0.41758440832500004,0.39613178017983797,-0.12391522687829915,0.43735952515906423,Surprised,Surprised.png,2,2\Surprised.png
0.6791038180336901,0.007018628494366884,0.010335118096627452,-0.02981817303044508,0.4182241874345095,0.40635840953498936,0.21278854903231925,0.2771811963046115,-0.07583693700906986,0.43307925048781554,Anger,Anger.png,3,3\Anger.png
0.8180504685432743,0.050156019378417495,0.061311569390287424,0.014492844674144684,0.25628119766545415,0.2730267202380345,0.2428373764867971,0.3036544639825812,-0.09160125264311626,0.3943091583637948,Contempt,Contempt.png,3,3\Contempt.png
0.812911733831006,0.03769034887294507,0.04636456941118652,0.02261511567896983,0.2649397785138495,0.25387082037564773,0.2401242332405956,0.2987761236762742,-0.09358500992719856,0.3874525736439559,Disgust,Disgust.png,3,3\Disgust.png
0.7798163156085212,0.030009226589970774,0.03848238041053683,0.022138401332202094,0.3383335742076446,0.3611122874501688,0.3391220413008202,0.4121505099000968,-0.13803800714751024,0.4158056544100266,Fear,Fear.png,3,3\Fear.png
0.9970258238314406,0.022049274873256672,0.02211502674373821,-0.11257415260821199,0.21300703147415642,0.22685759943538847,0.33093699507044727,0.3501407999918272,-0.11277117666255063,0.40367533377455855,Happy,Happy.png,3,3\Happy.png
0.8206593044608924,0.0035390749592165154,0.004312472456604809,-0.019450132474145437,0.33495066205702506,0.35424431179525734,0.2633850097284598,0.3443543456720291,-0.10124942892381411,0.42923786527062285,Neutral,Neutral.png,3,3\Neutral.png
0.8655734535718395,0.0034671028565725504,0.0040055512755319475,-0.015098284160927058,0.2760276153773596,0.2950222118255469,0.3272986376934143,0.3788865036250869,-0.11654140543203391,0.4077164864037556,Sad,Sad.png,3,3\Sad.png
0.7648773273975652,0.007686469994213049,0.010049271523178886,-0.006994724469355259,0.4400965416584114,0.4057328442534182,0.3643187224088272,0.45122084520732536,-0.16017907571308124,0.4431098595547692,Surprised,Surprised.png,3,3\Surprised.png
0.7260615657136478,0.0030400533468179047,0.0041870404705823564,-0.045789822996421356,0.3837723339633225,0.36199918415931304,0.27421922278695193,0.2495944045507862,-0.07021032091360555,0.43916917755073187,Anger,Anger.png,4,4\Anger.png
0.7111483829506271,0.006795901219503599,0.009556221776227595,-0.020926501160200565,0.32789520717123427,0.31765803815749977,0.30395556035390975,0.2549700753666442,-0.06269372826314576,0.4062862180679306,Contempt,Contempt.png,4,4\Contempt.png
0.6815437836579498,0.002907249678951549,0.004265676663751893,-0.060472107144353804,0.3354146523830245,0.3490765470885252,0.24603078907309445,0.17789780391575472,-0.050394123474391206,0.4242892713233827,Disgust,Disgust.png,4,4\Disgust.png
0.7541141610092881,0.09229513869422802,0.12238865290906313,0.044209493618809756,0.41484614063263675,0.3694435600140174,0.4300273693374097,0.40269262023519053,-0.1225961532129445,0.45768975157393316,Fear,Fear.png,4,4\Fear.png
0.9153683035856977,0.14819310635245037,0.16189433682334137,-0.030023012495255737,0.41599575048641546,0.38283449260858293,0.33465076037396513,0.3037373404175988,-0.11791921794013403,0.3988957508011442,Happy,Happy.png,4,4\Happy.png
0.6952985234188731,0.0004402749380715667,0.0006332162229979402,-0.0021292548575755736,0.3796296992520689,0.3691571772988301,0.3270251765919413,0.29590352139948634,-0.10639664967387846,0.42153650876714516,Neutral,Neutral.png,4,4\Neutral.png
0.7170067137896177,0.0020488679201501035,0.0028575256315182076,-0.03627141934436297,0.3218079059265921,0.29761821658213294,0.32155235835774504,0.31074913278721383,-0.06379115237521016,0.42503119682183654,Sad,Sad.png,4,4\Sad.png
0.6963078552445616,0.09490639173979881,0.1362992744167604,0.0774339235921582,0.37213912453374104,0.3849127470324895,0.3667318231814945,0.3167791988745526,-0.12043987629494783,0.4334165335912822,Surprised,Surprised.png,4,4\Surprised.png
0.8050320060403402,0.009483101841222209,0.011779767748736267,0.04447832257784326,0.2800639833132726,0.2512093895401585,0.21292461760124312,0.2836610624821492,-0.07051417946597542,0.3814465373562248,Anger,Anger.png,5,5\Anger.png
0.903703689593609,0.0018857718657338952,0.0020867124929736906,0.07279152193389703,0.39499645928732524,0.3949211345011012,0.2913046427414119,0.29440666060481135,-0.13034298226881416,0.3907851160505682,Contempt,Contempt.png,5,5\Contempt.png
0.7662838857642866,0.0034497415323359107,0.004501904704664983,0.045217733552022174,0.21682590742888952,0.1678862416604397,0.222196613467909,0.2641403889554858,-0.08288648688521527,0.37804217343153407,Disgust,Disgust.png,5,5\Disgust.png
0.7494849150659427,0.05775510364630569,0.07705962511813737,0.06169490897625095,0.421183817951992,0.3340223581532978,0.24141298934488836,0.23863033781282728,-0.1020726162449916,0.39416204937430854,Fear,Fear.png,5,5\Fear.png
1.0327283868173005,0.0030662631386704515,0.0029690867499376217,-0.02958632940836384,0.21641722044504794,0.2797943838692848,0.4031637775942046,0.4070290056828839,-0.12369815361418203,0.3950854450450232,Happy,Happy.png,5,5\Happy.png
0.8706276469359568,0.0021921560851999953,0.002517900247039826,0.05344608698545299,0.2393989354318787,0.2360782028374723,0.2644380563471925,0.26019583058558954,-0.09240045390086277,0.37970882353960655,Neutral,Neutral.png,5,5\Neutral.png
0.8878747714678463,0.006514248007352386,0.0073368912821925045,-0.008942412685740763,0.28095981479139787,0.2544311826431949,0.2278095299218239,0.29380003197902416,-0.06760189534086616,0.37152739548556624,Sad,Sad.png,5,5\Sad.png
0.8575947798914664,0.002230075025693513,0.002600380130107149,0.07056678859331189,0.3917368780569966,0.4030761410954761,0.3275697143752467,0.2948902608093213,-0.11682296419639682,0.4047026120219021,Surprised,Surprised.png,5,5\Surprised.png
0.8207489164269389,0.031921548933686365,0.038893149173446113,0.00761479905718372,0.3828200881997334,0.3597112597009368,0.17665815849449687,0.18700761419748843,-0.0433901888010953,0.41699619911539304,Anger,Anger.png,6,6\Anger.png
0.8420361804783524,0.0031033783617837036,0.003685559775425483,-0.014001837268846634,0.40021600758666137,0.3999918899107541,0.2866730616414512,0.2817979952864822,-0.10444703826175383,0.42385432453810384,Contempt,Contempt.png,6,6\Contempt.png
0.8202235492094333,0.004200615797997033,0.0051212997733922514,0.014351445345659691,0.4115932241926377,0.3759564196551645,0.2174185424840423,0.2767228971105101,-0.06826297861943688,0.42155920602424585,Disgust,Disgust.png,6,6\Disgust.png
0.7810656989379151,0.0029671115338610146,0.003798794056763214,0.03164662128277402,0.4180409674954688,0.438439488503629,0.39197363265780477,0.389812563339676,-0.15771867805492046,0.4424329959319857,Fear,Fear.png,6,6\Fear.png
1.1215939646710251,0.19319273270638446,0.17224821686235886,-0.059110509562894556,0.3280209811661045,0.3298587840562025,0.31709838202342416,0.29418726927348743,-0.11141933931259,0.4187624092391232,Happy,Happy.png,6,6\Happy.png
0.7682207017884606,0.000832998329845486,0.0010843202267082823,0.025584497599290327,0.3571622846449272,0.325705883909408,0.3493206735166651,0.3369381389962638,-0.13310446898919392,0.4324489748783029,Neutral,Neutral.png,6,6\Neutral.png
0.789230126119973,0.001762633871344038,0.0022333557471428153,0.013977442015307257,0.4050413193689598,0.41511499564600646,0.3634929025146701,0.3400973007090755,-0.1412715153459573,0.4316374319605399,Sad,Sad.png,6,6\Sad.png
0.5836797780468398,0.10981409698215833,0.18814067742581347,0.06938656697363747,0.4004734598495923,0.4217366505787366,0.4165409966798293,0.40397851479432056,-0.13667345122708144,0.43317058428014865,Surprised,Surprised.png,6,6\Surprised.png
0.7826822438521576,0.0029460390054621534,0.00376402462759077,-0.0272979115769179,0.3755316945889096,0.369032323330555,0.2016661023861484,0.19733733590388183,-0.06486075825619304,0.4346123350392314,Anger,Anger.png,7,7\Anger.png
0.8010352294153449,0.08033390026544887,0.10028747429324446,0.02675670962219489,0.35591241279301744,0.3976642400932977,0.32912412002543995,0.27620808051871815,-0.12252784901293602,0.4049952141123339,Contempt,Contempt.png,7,7\Contempt.png
0.9028962836427247,0.1415449439633834,0.15676749341001733,0.03492187148853505,0.29937159990550427,0.37018931017051354,0.30239039987312977,0.25207354496391504,-0.10701966138480175,0.39811138998337514,Disgust,Disgust.png,7,7\Disgust.png
0.7705422238639804,0.1549867001116246,0.2011395276885642,0.09691422124229679,0.3634712470144032,0.37974755301655627,0.3438222642456382,0.32271242828183766,-0.13292338017662117,0.4035468983662433,Fear,Fear.png,7,7\Fear.png
1.170128619715493,0.15049400118223416,0.1286131028960924,-0.06019054370520775,0.2371993180122003,0.24934564370623907,0.31676695564515434,0.3182946160690561,-0.0647689833575841,0.38551132013177836,Happy,Happy.png,7,7\Happy.png
0.7996711622733469,0.0031311679593709523,0.003915564536433925,-0.005429147386776292,0.3363103192356348,0.41100209972900614,0.2741046685872377,0.26381408439967213,-0.09253481530693054,0.41682458339784495,Neutral,Neutral.png,7,7\Neutral.png
0.8284248679552781,0.0015243750865819175,0.001840086295644512,-0.043471812087737836,0.339228050061835,0.3767701312815816,0.3010271497050349,0.24470569443427503,-0.09758338851279645,0.40866269919261794,Sad,Sad.png,7,7\Sad.png
0.7569768427118979,0.18505248045992498,0.2444622154288802,0.09651390615282358,0.40726177755388837,0.48503120232151503,0.3705545696869312,0.33701684375596924,-0.1368937192033093,0.4264926396248643,Surprised,Surprised.png,7,7\Surprised.png
0.720905833454468,0.001367344814260808,0.0018967011419613192,-0.017300887501979355,0.35750033543275556,0.35062917683223965,0.31073726036913035,0.2826882158316157,-0.11228904444085502,0.4046113360577067,Anger,Anger.png,8,8\Anger.png
0.7161119292851179,0.0007262074816549436,0.0010140963135240454,-0.0350630841164347,0.26414665174667584,0.2908141445275542,0.33946170412257287,0.2983600734773611,-0.11388065084411189,0.43560308832073946,Contempt,Contempt.png,8,8\Contempt.png
0.7187806093338986,0.004492360117073056,0.006249965300637235,-0.0767763407520809,0.21404053045486848,0.19775888790491195,0.3289427580254359,0.3154399203596879,-0.09790589173146491,0.43180706824687143,Disgust,Disgust.png,8,8\Disgust.png
0.7142602371158471,0.0010458486286801093,0.0014642382567241032,-0.042351895824301634,0.3688101206884524,0.43526940674154907,0.35361918978120654,0.30891332203615557,-0.12283217155363133,0.43677059362916415,Fear,Fear.png,8,8\Fear.png
0.8318618106809013,0.0020909783571663163,0.002513609612448952,-0.11678564336974745,0.26429815957510877,0.26923750279476905,0.3256800367112468,0.2829441953624498,-0.10056836339631203,0.4159155389069866,Happy,Happy.png,8,8\Happy.png
0.7557132491235012,0.003974625956687723,0.005259429686945306,-0.04784176928987737,0.31337067066502283,0.31555461495478754,0.30740613957744534,0.27312604485057673,-0.09848221939276235,0.42920273614212395,Neutral,Neutral.png,8,8\Neutral.png
0.7116883598196773,0.005080637773460019,0.00713884183226698,-0.03086269008289914,0.33587074540128437,0.29725905528680074,0.3237893892800802,0.2711998496668423,-0.10867950138829148,0.4194140271282438,Sad,Sad.png,8,8\Sad.png
0.7072993344147368,0.006387946456881977,0.009031448376406822,-0.057911177804012885,0.37274021898731674,0.40737968828128146,0.364598038782244,0.3219070333470826,-0.12284806478105083,0.4143589760939002,Surprised,Surprised.png,8,8\Surprised.png
0.653033021171935,0.06689574104447756,0.10243837055292532,0.020415685256497174,0.46781020056875,0.4372524892023243,0.2229316855338405,0.22720640251387927,-0.043984786529394214,0.4108231705575422,Anger,Anger.png,9,9\Anger.png
0.6713948371656427,0.08451056435315923,0.1258729346758063,0.06822832717720224,0.3646406421693852,0.3613186856380072,0.46240112952776546,0.4900987696232924,-0.15058207596079612,0.4145656698097052,Contempt,Contempt.png,9,9\Contempt.png
0.7103629472222873,0.010790490272455816,0.015190087158349623,-0.033645028548748436,0.39598921874176574,0.3782541733430647,0.2934615868623989,0.2875739380386811,-0.08251879173103593,0.4063069110174677,Disgust,Disgust.png,9,9\Disgust.png
0.614623996831252,0.3313905064988548,0.5391751201258733,0.11624434942911685,0.4682771511583723,0.45087182505782664,0.3643273064173311,0.3922948347041354,-0.10397605957464584,0.4805901268015251,Fear,Fear.png,9,9\Fear.png
0.9112445465619703,0.1305376245869464,0.14325186562441986,-0.11702822363852608,0.4250046613050457,0.39708660042973504,0.3361782764401818,0.3353895664861252,-0.08164613081700628,0.44386637346816177,Happy,Happy.png,9,9\Happy.png
0.70987256629323,0.019929306516723512,0.028074445173087683,0.014450847694576182,0.3921273389517582,0.3872585102267662,0.3721659235181993,0.37271834456274816,-0.0976198916602144,0.4629780002647663,Neutral,Neutral.png,9,9\Neutral.png
0.654446123201971,0.0073884240419718195,0.011289566078039973,-0.0012362520564292616,0.3828004168340068,0.3678001519572543,0.413034556275638,0.40032747799969076,-0.11217633975159506,0.466823923273535,Sad,Sad.png,9,9\Sad.png
0.4979844071017434,0.35576780882785375,0.7144141249005854,0.1414149948307448,0.48255268822319236,0.48270252723396984,0.341100449785364,0.3455591520790679,-0.09865963299276229,0.4855007893659559,Surprised,Surprised.png,9,9\Surprised.png
